,attribution,count
wealthy,0.0794291446419841,2
be,0.00800179267456852,142
reach,-0.12114668122403333,2
already,0.10135018742349533,6
his,0.077238270544002,49
sign,-0.15153674516022747,4
Feb,-0.08875250951227284,1
operation,-0.11010738485671119,2
Friday,-0.10327307211215128,10
Trump,0.09308911581097577,113
concern,-0.11133246737109008,14
information,-0.06931693848396404,6
qualification,-0.012136735888216295,2
Russia,0.04343711715664132,5
extent,-0.0501938843522623,1
Democrats,0.1358848469059032,37
Caves,0.26734959325779006,1
Wall,0.10236952422713769,1
Reopen,-0.07440636296949692,1
Agrees,-0.07016101742395255,1
strain,-0.3019824584492567,2
complain,-0.04091659988380052,9
that,-0.06590180423547222,99
marijuana,0.031170633258244217,3
He,-0.015206660023373253,34
adviser,-0.11290744045169594,9
sober,0.07609659830326679,1
Romney,0.07594541032153553,12
serious,0.07929025550987695,3
Ryan,0.07790655299048971,11
say,-0.1363515435184498,250
airbrush,0.2013271813731905,1
Republicans,0.10639058210739287,24
election,0.10325016585917654,7
Impeachment,0.2459064797766654,1
divide,0.02268205711327155,2
WASHINGTON,-0.12354457953212707,11
Washington,0.03988254998904686,6
hang,0.037126350560557304,1
problem,0.11600955132824546,1
party,0.07160205741475344,6
Midwesterners,0.08528583293525972,1
s,0.036955546679454096,49
gutting,0.24470773362791912,1
Catholic,0.11606944275978748,7
teach,-0.08415230418571364,1
commend,-0.21954396491135203,1
finding,-0.11294991973424914,1
contribution,-0.0998260356251706,1
under,-0.10963284004652299,5
home,-0.08877503078729412,1
equally,-0.07983554345356783,1
state,-0.0724200854365306,13
Human,0.054717879393334216,1
unfit,0.24958744442414693,1
more,0.07881149086871941,12
give,-0.018799696943923437,5
Paul,0.06030802704954956,4
Gideon,0.07627273710176503,1
The,-0.02564534397145008,35
refer,-0.08646179437129911,5
comment,-0.11329432865854773,13
woman,0.12384025508269704,13
about,-0.04433325158562939,24
In,-0.09353014156264125,19
declare,-0.06054837592743585,4
to,-0.037989517958178155,97
emergency,-0.07839334571364033,2
absolute,0.05487261439981868,1
record,-0.0573593503719204,4
a,-0.007003929577912841,83
arrest,-0.06242683251888419,4
charge,-0.06537076832875656,6
as,-0.07494704694310302,30
Democratic,0.12021694135962542,14
only,0.07980967657102428,16
deportation,0.051196677285806735,2
ever,0.09065672493001627,6
vote,0.010971503392326696,9
fail,0.1334240169813536,16
make,0.0379467933955344,12
They,0.09727829481177773,13
this,0.06438282149346435,25
scant,0.1422853472265401,2
among,-0.10903658991005365,6
and,-0.060461295779546224,108
against,-0.019274600311896713,13
ego,0.5955214719365601,1
really,0.05010444014287429,8
have,0.0112860951425694,56
an,-0.03226907653568926,15
despicable,0.14902352144835976,3
stop,0.03641533153802005,6
decision,-0.08691632063252984,10
take,0.03859882458585929,11
unclear,-0.18224924842527357,6
finalist,-0.12344950470662133,1
stoke,0.14423602374785527,4
whether,-0.13772745861645877,19
Lieberman,0.04282515598709608,4
not,0.027413342611878836,73
of,-0.05292817673645774,91
deserve,0.14496925352683845,7
write,-0.08880508750398212,15
incompetence,0.2518573880930006,1
gross,0.12872896770959255,3
there,-0.11370244221469701,6
mismanagement,-0.139160138995756,1
President,-0.05624620451795431,21
Obama,0.11173911650022196,66
instead,0.10325989043012343,4
real,0.13378022430284686,2
seriously,0.06447981117221357,2
hypocritical,0.2243159523677353,3
dishonest,0.12633663120510516,3
Medicare,0.03731917249759072,5
ad,-0.0519168893443395,8
Lis,-0.08178418560117362,1
posturing,0.1536313786773741,1
waste,0.12025152258392105,5
call,-0.13465444413335023,55
House,-0.10423082630347637,29
they,0.10111627677237119,20
pound,0.155989324350514,2
AARP,0.02587108051546185,4
speak,-0.07565176512442423,3
senior,-0.011787033039009208,2
in,-0.06698318980872071,65
threaten,0.0900705361021086,4
physically,0.14898426952975846,1
recently,-0.08095486640695491,2
January,-0.0864871922979972,1
bad,0.17530794387231938,13
even,0.1302744819093289,24
than,0.017997021859469574,10
internecine,0.1995682796825358,1
share,-0.12066608285578923,4
show,0.0774578317348444,9
by,-0.018677861641248714,15
Facebook,0.008844574277991443,2
professor,-0.06638487406951019,2
insufficiently,0.05799038258290137,3
ethic,0.14488476316135654,2
question,-0.1293389756763265,11
dog,0.12362843722437449,3
dishearten,0.21080314860843713,2
incredibly,0.1375539201487295,3
want,-0.0293908215852332,13
which,-0.022966443373700764,7
for,-0.059657452471035474,47
openly,0.0870376179337332,1
stress,-0.0662928325020419,2
ironclad,0.06337174506497914,3
Ginsburg,-0.07663122745614674,8
Donald,0.07665939838953278,8
I,-0.08110132481228745,52
can,0.04232343822166199,8
devastate,0.1888273585538122,2
poor,0.11640075545607789,2
impact,-0.09970161416502256,3
punishable,-0.10260994548157112,1
prison,0.08978345032444497,1
This,0.06528011777696836,22
You,0.07646386384641446,5
FBI,0.05309361374353194,11
such,0.061797427338558295,8
shoe,0.04115054821483216,1
Court,0.04374533107303834,2
program,-0.12728191452115417,5
If,-0.04561221682805001,5
unaffordable,0.0561830553350153,1
class,0.09224143037186915,5
Calvin,0.134344538975604,1
suppose,0.10699795801734088,2
tale,-0.09621696917592977,1
sick,0.21759859167343204,2
stomach,-0.1670428081928092,1
That,0.0026877252918900366,8
my,-0.04030100460022299,8
left,0.036554452236448674,2
voting,0.020368369615991287,1
like,0.08224295397913131,25
blast,0.1961495461979347,3
lawmaker,-0.085894641115319,5
mixed,-0.08441893442498358,1
ridiculous,0.2737367945609569,5
the,-0.009332363016925456,123
cross,0.09446724431658027,1
she,-0.03028179911685401,18
public,-0.08023524799174361,4
trust,0.054934193497638596,3
gain,0.05004988223725923,1
position,-0.08429632599728615,9
week,-0.09046131245154432,7
Boehner,0.007194684098820013,7
date,-0.06808353265024222,1
dishonesty,0.35199815166389314,1
told,-0.13150950715488452,33
com,-0.07839805326772963,1
It,0.0048514564032467065,20
Bozell,-0.05777021130455139,1
cannot,-0.030521484306087036,6
Fox,0.14292081982190707,5
guy,0.1130916765349224,2
kill,0.19649909949604655,2
elephant,0.08619188517771262,1
Americans,0.02882920905199751,12
stamp,0.3479783678991991,1
out,0.0319568782341015,10
door,0.20102726030990029,1
ballot,-0.12107285554578374,3
applaud,0.13898649479398853,1
something,0.1168269072213296,1
tea,0.06809533053163778,3
decimates,0.05381051669151824,1
plan,-0.07773736999400813,4
spit,0.19755058562096747,1
Cleaver,-0.10357837446249796,1
he,0.027604415501656376,47
Mo,-0.05172194399851779,1
thank,-0.08569860345640286,1
it,0.020612263149401296,26
discus,-0.062147373844581834,2
Democracy,0.21663497515975502,1
crazy,0.16491031403621667,8
people,0.07266684082962249,7
doesn,0.12665277383767976,5
pundit,0.07232173695210856,1
man,0.09932495164043574,8
political,0.0992298969498493,25
campaign,-0.030389103387465262,21
address,-0.18901653872457638,6
conversation,-0.21566070772591509,2
add,-0.09755255281868613,12
fulsome,0.08024408063417053,1
control,0.09457921302388377,3
balance,-0.13435198420240277,1
Jim,-0.08788558136906577,1
resign,0.16923836933120673,3
Party,0.10255823324201445,7
destruction,0.12563144937553053,1
American,0.08174203285063664,6
Tea,0.08767426512045219,5
those,0.045282371574328205,5
family,-0.0021334527074570384,4
On,-0.12600914279723927,6
will,0.016999765232028282,6
Putin,0.09673397569898239,4
some,-0.06995236510449795,9
administration,0.035406938456483336,10
drew,-0.10517483405140879,5
criticism,-0.10521511295818117,9
candidate,-0.13041974809269632,6
still,-0.10051880901917606,1
on,-0.08428634886854108,61
primary,-0.10533898847950869,3
unabashedly,0.06564530792663513,1
governor,-0.020292419324466886,10
Tuesday,-0.07180464533506671,11
impeachment,0.058339563034437256,2
see,-0.03922179725730608,5
ruling,-0.1213382605737197,3
Griffin,-0.008282696466845346,2
couple,-0.05407630409387464,2
what,-0.046835334725057666,15
account,-0.12304151464283457,6
conservative,0.11643453396962115,25
beat,0.2080207573717861,2
Trumps,0.07477446924308066,1
laid,-0.15501543145794025,1
refuse,0.10619042453288295,14
Mrs,-0.11430150882670718,3
discrimination,-0.1042590397085078,3
abhor,0.03564996629448351,1
squirm,0.3870636009511964,1
also,-0.09787457691964777,11
beaten,0.20518345136298055,1
economics,-0.14192658571613923,1
at,-0.06645687352536292,26
echoed,-0.2029461006619173,1
its,-0.0901881464529996,1
miss,-0.0656239786562613,2
delay,-0.16481957450118506,2
paycheck,0.00770902894210642,2
reputation,0.08142939509604624,1
presidential,0.0354970273556396,4
politics,0.13520703977750254,5
mother,-0.15983103242079416,1
often,-0.07257658963252295,3
if,-0.08731088093043152,5
tough,0.01698490143179927,2
time,-0.07376296627717369,14
D,-0.09903181124984184,5
Nancy,-0.05606254590710887,3
difference,0.028246578558589207,3
private,-0.18387989750171302,1
day,-0.04570209624128619,6
server,-0.07691088336792716,2
indictment,-0.01628945550096387,4
Muslims,0.0892071490190412,2
tweet,-0.12724058572610897,11
situation,-0.14272188340356662,1
over,0.01746273426430952,10
period,0.018976708399331108,2
opportunity,-0.04517937888651089,3
side,0.07393963455686392,5
action,-0.0971898200857779,7
comprehensive,-0.1677389705035953,3
reduce,-0.13455279071397067,2
argue,-0.18090821807444843,6
suggestion,-0.10110095084248161,2
attempt,0.06961691669417346,3
who,0.017323002984646643,28
how,-0.053385767206140064,8
untenable,0.07433789354222264,1
himself,-0.0006716234727333098,10
hurt,0.10485404631319752,4
worker,0.03588133988761689,1
thrown,0.12100251824448534,1
Republican,0.07093656413508646,23
Iran,-0.03609013131887766,3
nowhere,0.4560644728367534,1
go,0.01842899754567826,11
proposal,-0.09069035202537859,5
just,0.08543339987982537,13
note,-0.11136248877533132,10
accuse,-0.12104616132190654,13
their,0.09129207646278398,15
furlough,-0.18502335576991102,1
senator,-0.14802911736829727,5
nearly,-0.07767733871194876,2
progressive,0.12957390455379036,4
faker,0.4553297830054769,2
CNN,0.09334065526512655,4
double,0.10458541578385082,3
claw,0.06388698753411189,1
way,0.004237485940646157,5
field,-0.0856899361612621,3
away,0.06595879823260986,5
return,-0.11750468112195242,5
gotten,0.11700233533774371,2
request,-0.11364877021510217,8
review,-0.05427587624710981,3
disclose,-0.07783063969990348,2
spokesperson,-0.003265374799938174,1
progressivism,0.12960344146064887,1
hero,0.12857307736320003,1
three,-0.006595838339803373,2
photo,-0.13144042446208754,5
Shields,0.15178408514356878,1
first,-0.10467504272308933,13
uproar,0.1683139720528229,2
would,-0.0073284611428421536,16
become,0.017591714945918626,5
race,-0.0837806344877579,3
document,-0.08646315359403971,7
risk,-0.08392742150766828,1
Prosecutors,-0.06867118256108533,1
evidence,-0.11263560179489211,3
or,-0.07565966931780084,6
clarify,-0.18079131255694397,4
last,-0.05007512198250987,3
enact,-0.11237938496041136,1
Mr,-0.010521091477144945,28
but,-0.019004732980384634,24
gay,0.13210737612314769,11
tax,-0.06506729499597505,3
Williams,-0.11444536231525089,1
could,-0.051043433984660644,10
Treasury,-0.10402041781431011,1
shoot,0.19804763497016184,2
force,0.08431274291157198,4
Bangor,-0.09161961792967485,1
partisan,0.1652894314292498,4
plot,0.16216495793990413,1
Some,-0.1237640556692368,8
burnish,0.18265655447615262,2
help,0.06720395909952277,5
foreign,-0.08762403512030971,2
nominee,-0.11644572244015643,8
marked,-0.08886249939393223,2
whose,0.01639473109437799,3
criticize,-0.11603270255104443,12
use,-0.027800404964894665,6
illegal,0.14766155701974393,9
budget,-0.08219713467123818,1
jail,0.06568986300381036,1
power,0.05875819055541364,11
64,-0.08130451807999545,1
know,-0.07494587677537583,10
But,0.0818266233902321,28
investigation,-0.11770371585085414,9
involve,-0.10444908413882659,3
testimony,-0.10850495818112614,1
squelch,0.05739818097303125,1
drumbeat,0.08937661012532833,2
Clinton,0.10279414810683668,27
Almost,0.04870329215177666,1
ultrarich,0.2121443443914615,2
circle,-0.052967937129735965,2
different,-0.017837523049367556,3
bureaucrat,0.070301756103335,2
struggle,-0.06826204929719282,2
you,0.10808018269278591,12
Saturday,-0.061507563585635645,4
release,-0.10632543029949709,13
submit,-0.10710120766361896,2
support,-0.06718955036084433,14
brief,-0.03390963558443812,2
S,-0.10107749885777768,15
unconscionable,0.6083770839412174,1
seat,-0.139918686550424,3
60,-0.0533156985766575,3
get,0.042765835973569796,10
try,0.003655846705452409,2
elect,-0.003405007309001664,3
Sanders,0.14840805372700366,2
face,-0.07783144292378634,8
all,0.024362748912719983,9
organization,-0.04894593899949009,3
hell,0.27917290815624385,4
Calling,-0.10531161247358937,1
coward,0.10280140825751222,2
snivel,0.058229837470374995,1
device,-0.10473877653203868,1
provide,-0.04738370031452084,4
Mickey,0.061346001783741125,1
moment,-0.12434155110086534,1
come,-0.03784700249938133,9
whatever,0.07194542436351421,1
love,0.08694014072244699,6
regardless,-0.08378272029643463,1
law,-0.046227316163853824,11
nation,0.11628303024618368,8
delete,-0.17445620261265118,1
email,-0.09520984179562406,10
committee,-0.06002503949518032,6
response,-0.04128041949725585,6
pointless,0.06135909609940471,3
wall,0.059121992663689706,5
rumor,-0.10379366007937477,1
remark,-0.061200592343727656,5
later,-0.08600104086508681,6
proxy,0.01984262070538647,2
terrible,0.2376858667729404,2
agree,-0.08249162431935299,3
choice,-0.11259413082070953,1
supervise,-0.1238236618149951,1
briefed,-0.10001319272177323,2
internal,-0.10326005143212609,1
through,-0.061279783089285604,3
nothing,0.1217732707632733,5
far,0.06313719912345338,4
cycle,0.087286070329185,1
Obamacare,0.22172396328550933,2
Why,0.2288430033159135,4
To,0.06978417184312428,2
pay,-0.010699011907802357,2
tattoo,-0.11825155705284242,3
strategist,-0.10776455778008855,1
Pelosi,0.14518335778971475,14
resist,0.06157519469978906,3
rancor,0.08937702815376608,1
beneath,0.13845196626993647,1
court,0.11393400172453388,1
God,0.13938207030357072,4
Carney,-0.12941883071229354,1
Representatives,0.11676577628338596,1
reference,-0.14047242370993698,9
unless,-0.14481117740677493,1
Christie,0.10611347464165981,7
May,-0.08433215285400417,1
hasn,0.10713699670255868,1
Koch,0.10024481296247367,1
t,0.030289635996797296,15
since,0.007185780525754325,5
Weiner,0.12530252368594932,6
sore,0.12325578233964943,1
demand,0.027416234212569623,4
seven,0.12458442954981541,2
congressman,0.003002451216452003,6
do,-0.02513153195082424,23
back,0.0018996385705294383,5
swipe,0.058408969692392926,2
false,0.19038160125671105,7
claim,-0.05853345305528977,7
baby,0.07783879043736905,2
behind,0.11061385859098369,2
admits,-0.12531878418600254,1
opponent,0.12211716661707889,1
quote,-0.10051824183764362,3
one,0.01021007293167318,8
medium,0.0457874253597591,8
commit,0.04546260217153401,1
character,-0.024673926902781168,1
ridicule,0.2275400065890317,1
debate,-0.05058797185035626,8
system,-0.024998869758181046,2
undermine,0.16614034808580577,7
without,0.01923792496956663,6
payment,0.030398226847256144,1
statement,-0.06522581222999489,13
access,-0.01605966741101993,3
travel,-0.06459698080822801,4
wide,-0.12139244579797992,2
Lyin,0.26793278645502794,1
Cruz,0.11031341895767913,4
picture,-0.11908502667363073,1
Ted,0.07528998470990765,3
absence,-0.2005394012452541,1
appal,0.13383770587504235,2
Lindsey,-0.06778297855729323,1
encompass,-0.09914983760848961,1
job,0.0680412852742683,4
rail,0.11162499106038241,2
Reflecting,-0.09771260735217215,1
government,0.08020828815617868,11
logic,0.06263020558943734,1
lack,0.05777399859059003,1
open,-0.0899508964433753,3
senseless,0.07765118075475644,1
torpedo,0.16802099253146466,1
unleash,0.17786478247433207,1
Biden,0.08612165292535559,10
brawler,0.14940366769851776,1
For,-0.060864406882854584,1
freewheel,0.14033168506884938,1
from,-0.06779325022800818,14
talk,0.020890050867357828,8
minute,-0.12130870844170774,1
un,-0.09031818127058674,1
uncompensated,0.17047046837384122,2
dangle,0.11756866985586345,3
Batting,0.11195713270377726,2
traitor,0.08347494016086128,3
offend,-0.03223189219691954,3
because,0.05550809660394055,7
consider,-0.09846580860275646,6
after,-0.07805914901998848,13
attack,0.08959181971613485,15
White,-0.010995698755362802,4
Democrat,0.1264757752487309,9
Petraeus,0.06579561943442497,2
outrage,0.14315647736046952,3
prompt,-0.12183892611327418,2
abortion,0.1375660213527661,4
relinquish,-0.05039598370958879,1
each,-0.0350766784365974,2
deferment,-0.10920802893341058,3
virtually,0.0741655791885828,2
Reserve,-0.07429489779843002,1
sent,-0.056099044150394926,5
awful,0.20390734121658188,2
First,0.09591766267903243,2
teen,0.09830602129517056,2
alien,0.11067057277483862,1
immigrant,0.034224970899559407,4
reward,0.0738027144136494,2
cave,0.06901448205287258,2
fellow,-0.06140697699892251,1
helpfully,0.20519765198735376,1
so,0.08986860465851215,12
Wednesday,-0.06746385103899423,10
morning,-0.05089380109926292,2
urge,-0.14742949757632548,8
part,-0.03562099318503357,4
outstanding,-0.13797294679745345,1
alleges,-0.25004391309948276,2
C,-0.0851073204494272,2
justice,0.019899498211433102,2
thought,-0.0831873474422353,2
always,-0.13469434020909857,3
concerned,-0.07825797834492204,4
fantasy,-0.01671676094985967,2
unpopular,0.032349021009982,1
With,-0.00434042736274709,2
Cantor,0.02711648506663298,2
contend,-0.04067538926597678,1
Fund,-0.02238535300226853,2
benefit,-0.07678804851347079,1
2036,-0.0659330145688097,1
Trust,-0.07379759253872932,2
unrelated,0.04429258818974456,1
wholly,0.043395799883607124,1
contrary,0.04091781677113219,1
kind,0.008301353794651148,3
change,-0.08078660530379848,7
slash,0.04646935280069764,2
excoriate,0.041755908527313965,2
Budget,-0.029664134650314988,2
president,0.06658753230477533,31
don,0.05198640976794179,14
think,0.03626116035107746,8
with,-0.04246651127203846,33
never,0.09078750142611634,5
lie,0.15651516906048057,15
interjection,-0.07098797700397687,1
R,-0.09062578643477065,8
accusation,0.04776348646444031,1
butt,0.18982494940137604,2
nature,-0.10811986720386418,2
seemingly,0.08285200671671367,2
these,0.12387225257771178,6
seem,-0.01706121641004766,3
recommendation,-0.07423058629705699,3
evaluator,-0.042949051509191864,1
evaluation,-0.040943920199272114,1
Monday,-0.1490667043523607,3
cheer,0.07548497656696423,2
agent,-0.11894099418381221,2
ally,0.13509351807512934,1
February,-0.0949486476016223,1
official,-0.11212400469218319,7
Thursday,-0.0989759424520755,7
unlawfully,-0.11717377003826086,1
well,0.11490552017783622,6
opportunistic,0.07839960754041585,1
cheat,0.03976008332030123,2
prophet,0.10771990673867948,5
Sen,-0.07408956952042661,6
hate,0.11201447288058948,3
Chick,0.03514764743040486,1
up,0.09147894569208993,6
Coulter,0.09073559731161908,2
again,0.041714586095401705,3
suggest,-0.10399222108601078,5
lose,0.16896686417334725,3
least,0.18345659465044603,2
At,0.03091198072281486,5
play,-0.1220468274521926,2
respect,0.019028589930768378,8
So,0.04817559605887764,3
matter,-0.02289014061403386,2
relationship,-0.11307937523247846,2
States,-0.01559087542747839,4
between,-0.06590485175237248,1
activist,-0.1037008942660479,1
member,-0.03964588850200339,10
challenged,-0.07988850856424931,1
proper,0.13700281897720817,1
arm,0.0314737208610777,3
reprise,0.17729889276557828,1
immigration,0.10647206344936044,5
national,-0.10994406314001687,2
rip,0.09089618020728761,2
agenda,0.08811576504408508,6
duck,-0.037908983624513885,1
GOP,0.16034675751314925,10
entitlement,0.049732941289174874,2
ago,0.05139715683695587,1
Next,0.04474010544979841,1
fool,0.174066508008345,2
conspiracy,0.11341747293150842,2
deal,-0.056277862995666304,7
now,0.06322040066700572,9
leader,0.04313866461627604,5
interviewer,-0.07988025589921609,1
once,0.05495094138681041,1
bigoted,0.16708835268794583,3
resolution,-0.06439795114856194,1
right,0.058626936546385344,5
Bush,0.1203204083085011,3
figure,-0.02019366700007267,2
undermines,0.23047441726061973,2
everything,0.07763473605960348,2
confidence,-0.037308177307093945,1
hypocrite,0.1411017260996913,2
guard,0.0488406687232821,1
group,-0.03762002448171949,6
inject,0.06462839432776578,1
partisanship,0.07546503603894528,2
destructive,0.1510684755862028,4
proud,-0.16905902784053828,1
Senate,-0.12532438573661592,14
when,0.03759902684539343,9
explosive,0.11707676066272492,2
heighten,-0.06089650306756051,1
report,-0.06635681863805444,8
mistake,0.07765814807766962,5
grave,0.07628789044857359,2
strike,-0.0748127232077018,1
Ruth,-0.0942633030039071,1
close,-0.11828823478956295,1
chairman,-0.11498451388743511,4
Steele,0.0910405611631624,3
hasty,0.10510190139565771,1
humiliate,0.09482510556899197,1
across,-0.06351858367085814,2
saw,-0.06154390938304257,2
desperate,0.2183449071119402,2
allegation,-0.12150811270515242,6
Post,-0.063876986315334,1
accountable,0.1399903352559856,1
should,0.09229003923078204,14
effect,-0.02513414427465081,3
historically,0.08714068119043347,1
unique,-0.06646126439301657,1
certainly,0.04785216029386216,1
wasn,0.009953783846748568,4
30,-0.04954127930459839,4
More,-0.014531818459031003,1
policy,0.012038932615878935,7
safety,-0.13416038789492293,1
gun,0.09592487748457833,7
generation,0.0994423938420564,3
condescend,0.3937101692184261,1
vice,0.05996316784505699,2
WVLK,-0.036740435138879556,1
discriminatory,0.2074275633556038,2
previously,-0.11684391683896993,3
finally,0.1925453364517652,3
News,0.11871407285984584,2
warn,-0.12237172401489907,2
website,-0.10822823198710796,1
America,0.08516578115575163,11
Jewish,0.15348488626106105,3
voice,-0.08826827161060899,2
nag,0.0749836026904994,1
Lawmakers,-0.1755101588483629,2
truly,0.16477260807690067,1
rule,-0.0142330556030556,3
claimed,0.0022603349578651857,4
him,0.04825492570546627,9
Minutes,0.07394574582908642,1
lawlessness,0.39784263761856997,1
country,0.10776782328529544,8
belie,0.23776212785795756,1
mail,-0.08986662071952521,2
detail,-0.11820742807956887,6
trade,-0.08353073940615305,1
She,-0.09022623718826206,9
ask,-0.12686046175366902,14
Intelligence,-0.14630321036408223,1
point,0.03611738827917271,3
shame,0.306480727082534,2
run,-0.055771239298142504,5
flirt,0.05645932454782154,2
ahead,-0.050719636869957875,1
communist,0.06551558025206189,2
storm,0.010122907457203026,3
shore,-0.1093942876101348,1
measure,-0.11147523745827972,4
perhaps,-0.09787396323123859,2
Not,0.19528715542860525,4
single,0.08532179935857791,3
cut,0.037737334574305774,3
opposition,0.012261407612502237,3
adamant,0.04671298821376475,2
any,0.03440122723588948,8
Act,-0.10346591272459334,5
legalization,-0.008815751978772898,3
apology,-0.13012045740166192,3
disdainful,0.11855556309334128,2
correspond,-0.09526667771693426,1
voluntary,-0.09254140825883098,2
her,0.04898488446035213,9
rat,0.19692935924725805,1
audience,0.10151627883772031,1
top,0.06836122748837403,3
harm,0.10639128648184625,3
good,-0.006121389983434848,5
henchman,0.0702140241568979,5
surround,0.058286292192391016,1
National,0.014157252567342038,2
sic,0.044604541483738526,1
untrustworthy,0.04333240889256599,1
Hillary,0.11869979236006087,4
waffle,0.0349262166327872,1
detain,-0.07486559395418259,1
vendetta,0.17521587631471197,2
Congressman,0.09269254302460557,3
truth,0.07404207111523772,1
driven,0.07953803928309569,2
democracy,0.11466241069879231,5
deserves,0.11066905377195632,1
depends,-0.09970662203734786,1
security,-0.05997155962084986,3
particular,-0.008029340026847876,3
patronize,0.12671501242777689,1
courtly,0.0885619752669217,1
singe,0.08033214394798632,1
wither,0.10383615988822252,2
hug,-0.02748711005245348,1
shook,-0.013203876442977958,1
hand,0.011204377008893299,5
Neoconservative,0.12768922451805173,1
Rubio,0.12853484792415906,5
War,0.06827678994960483,1
doctrine,0.05817560256171195,1
then,-0.09258352578547491,3
characterize,-0.09658845296839064,2
tenacity,0.08001169611112798,3
eccentric,0.09549784977816782,1
disgust,0.08982802826171257,1
high,0.023277593406142067,4
include,-0.09317250196623256,13
Echoing,0.1138584496375692,1
F,0.1105412845105101,2
Mueller,0.1111196528768817,3
big,0.07673631360290128,3
crow,0.531541574692989,1
six,-0.13953076738478767,2
gather,-0.10036297730227085,1
apologize,-0.1765058718370912,3
into,0.0407500819285182,9
morass,0.08633751030688859,1
pension,-0.0705168875614822,1
interview,-0.10635984902505811,9
utter,0.10398729362867258,1
dismay,0.15622633965965205,1
After,-0.1786692530567253,1
quipped,-0.07885707924355341,1
feisty,0.08618983993593649,2
disregard,0.10327814008899866,4
disdain,0.054749184671747386,2
rating,-0.1552225131842757,1
Judge,0.05304058937144799,1
bloody,0.15982241676234585,2
hold,-0.02382787118374663,2
admit,-0.09408297183171643,4
Santorum,0.18944362252583358,3
therefore,0.06229695396902401,1
criminal,0.14013989549504582,4
praise,-0.13074146506379125,7
irresponsible,0.09188895130716455,4
buddy,0.09336679588501426,1
patriotic,0.07096156494326539,1
Violence,-0.11514337796124421,1
unacceptable,-0.03605039501802269,2
term,-0.12322032678535952,2
possible,-0.10341921765385503,3
Congress,0.1478429111116973,6
bottom,0.05922568111267275,2
no,0.10550388657369088,18
process,-0.12307673005602487,2
fair,0.03312839326471014,2
absolutely,0.08172366410727906,2
believe,-0.06723660898858172,7
experience,-0.14281718814597064,3
recognize,-0.19198116788968642,2
intolerant,0.13253198941703456,1
religion,0.12529960061707784,3
clear,-0.08950122397951606,4
Department,-0.10278530743464519,6
insane,0.1495343997291944,2
crime,0.07054992923378102,6
aim,-0.07556617012338786,2
church,0.07933394411620628,1
usher,-0.1222061161686291,1
carnage,0.11629470249123496,1
United,-0.014413178539768586,2
recommend,-0.12265128781855424,1
Comey,-0.06674186734672677,2
Lauten,-0.08754301214590199,2
teenager,0.06977319944459451,1
sexist,0.3238150755266955,3
editor,-0.08141176446871995,2
many,-0.024250097786790683,5
govern,0.13462888951404606,1
text,-0.10195125077263074,4
colorful,-0.09875454910156188,1
difficult,-0.14677660751132438,3
cringe,0.08047820721005515,1
cancel,-0.028288840351663316,3
derail,0.1401539137148699,1
issue,-0.1333537018339872,10
St,-0.08639478845477636,1
Service,-0.07738971581094922,1
hammer,0.07192631597819046,1
soundly,0.0450707925228702,1
Sean,-0.1783757523139578,1
host,-0.1242731724209856,5
spirit,0.12909249902977343,1
corporate,0.10166925006962832,1
privacy,-0.09855997193952447,1
v,-0.09733739514752589,1
mistaken,0.11488418355326391,2
Latinos,0.024634105260910463,1
outrageous,0.20781769659347094,6
appalled,0.0799900960545178,2
James,-0.0995831926702056,2
derision,0.16610644856555742,1
McConnell,0.08402650488091656,4
Schumer,0.0372948166534717,4
voiced,-0.20585867755162632,1
competitor,-0.10118455088814002,1
individual,-0.08115960322423446,1
throw,0.1568141684792027,1
balcony,-0.0942915491491302,1
reflect,-0.12056000746237296,1
didn,0.051125237491051044,6
draft,-0.16503378588274412,1
Morell,-0.10832217619292885,2
threat,0.028994133035285603,3
Hoax,0.7071841747893561,1
total,0.17142617278318736,1
pale,0.1693388305656271,1
beyond,0.08500268650440176,1
testy,0.17966939891467737,3
grant,-0.13891609210077727,3
York,-0.0614919725764248,3
maelstrom,0.15971839788574266,1
controversy,-0.12907747603850023,4
Now,0.10083193293907515,2
end,-0.05555480575586807,9
unfair,0.08174362369574167,2
Birthright,0.05134122169506258,1
cost,0.09089404175455627,3
vindictive,0.2560657070263774,3
abuse,0.06042437911897201,5
barely,0.04799565671114466,3
Labrador,-0.007041943603688823,2
while,-0.07145990153231584,4
promote,0.1381909768627162,2
anything,-0.01948011390368655,2
Huntsman,-0.07632361268413923,1
M,-0.07735318790477176,2
self,0.048228356966333874,3
body,-0.07647129871966456,1
extremist,0.4754689223518772,1
look,-0.12508183239879797,3
spoke,-0.16055929427321625,2
announcement,-0.08064800146427142,2
Mark,-0.09202246597922673,2
Hutchinson,-0.01163006469652949,3
Jail,0.20568672931614218,1
early,-0.06763280675581564,2
damage,0.12904867816347507,5
actually,0.07858415327807985,2
Bill,-0.031206797868463983,2
county,-0.030106642534061614,1
transport,-0.02936488480428572,1
town,-0.023545048883171597,1
surrender,0.126658746738636,1
remarkable,0.097878501340923,1
politician,0.1659618828898268,4
bill,-0.10972534244869314,9
severe,0.10974923399299615,1
lash,0.26378855510526544,2
post,-0.10660735521970895,7
resort,0.0035383633873447423,2
fluctuate,-0.06224153307787927,1
idiot,0.3980032026329937,1
our,0.04917789787718371,11
radio,-0.04234212850203752,1
clearly,0.16857006480001385,5
March,-0.1278328596184222,1
decide,0.08347141502323253,2
dominate,-0.06735926560295781,1
reporter,-0.04802556586659365,4
lewd,0.1509224773711369,1
tell,-0.10312829166101334,3
broke,-0.07828153842602777,1
dispute,-0.2234889259811405,2
hearing,-0.10552753656766038,1
Gorsuch,0.062380945393431,1
scaredy,0.17250638429971088,1
cat,0.1003551471363757,1
ugliness,0.06912293334839964,3
sear,0.028254069173268864,1
late,0.04160889523113173,6
almost,0.0734977801404812,1
collusion,0.17776289942246742,2
chase,0.1608442680315583,1
Schiff,0.031831713772406366,6
Russian,0.06877981673978883,2
tear,0.09114021916575457,4
company,-0.11186840785136376,4
equality,0.16165003989195806,2
101,0.202559695871499,1
Cohen,-0.2645189633324486,1
counsel,-0.1570649160007101,2
immoral,0.13350176653111284,1
unpatriotic,0.07389223492276242,1
corrupt,0.07795519655112472,2
ambush,0.1721846504784744,2
348,-0.12154909576834909,1
defeat,0.0308336381327246,2
radically,0.047818972308249094,1
misuse,0.04309066020287314,1
protection,-0.0285106379207628,3
hail,-0.11304737242973077,1
apparent,0.08810614998686624,1
centrist,0.07808591800548147,1
courage,0.17197345493342994,2
meeting,-0.07860691737158057,6
Dreamers,0.12724202079508595,1
indicate,-0.08991798340730005,1
reject,0.016853954783907086,7
meaning,-0.04457598070863084,1
December,-0.04399413683209301,1
micromanage,0.3055330650049961,1
unnecessary,0.1972041785061923,3
interpretation,-0.0791525785204966,1
Statements,-0.0715537439868703,1
legal,-0.06124754589505013,1
practical,-0.05762643335885062,1
raiser,-0.08988221316947538,1
Afghanistan,-0.008920013586916437,2
reason,0.09873674139712871,1
price,-0.06344584835096201,1
excellent,-0.1464772170154006,1
condition,-0.07381510138913458,1
trading,-0.05114398338166075,1
Bauer,-0.04125532629932124,1
horse,0.03606339416715393,1
shaky,0.18604262624221146,1
tenure,0.08652141867536774,1
pretense,0.07527298515539321,1
judge,-0.04524812261543301,2
Mexico,0.10663515431300563,5
yours,0.11050654153007468,1
less,-0.036113611653085145,1
Indivisible,0.06998099158075241,1
founder,-0.06190860834508914,1
co,-0.07077458932554792,2
surprised,-0.07878248029920831,3
sane,0.08376479477175432,3
No,0.2630900229568833,2
Reid,0.09182732326594548,1
corruption,0.13863962281337117,2
confirms,0.0536547544893432,1
spokesman,-0.05683571883158006,5
respond,-0.10735701006192473,2
war,0.09431706319220373,12
faith,0.10404248683373377,2
blatantly,0.06864139255401375,2
lackluster,0.05767070678004218,1
pan,0.047333888986112106,1
fact,0.13956397223785302,3
command,0.127671290049323,1
knowledgeable,0.0599701847301761,1
useless,0.4654823239902866,3
And,0.05783028337868626,11
aide,-0.1158527253322269,5
hire,-0.06399163585226736,1
farmer,-0.10038784008982801,1
farm,-0.06397120174253122,1
decline,-0.11364343642402698,4
understand,0.03676630136866481,4
dark,0.1010538341398156,2
money,0.11271758178295058,1
opposes,-0.12557908649831512,2
swear,0.06181299580216694,1
same,-0.06321680558669618,3
sex,0.0824405896402024,2
flame,0.022225567142509086,1
unconstitutional,0.01634780982847472,1
negotiation,-0.15360681942717377,3
There,-0.11187544737607948,3
announce,-0.1424949035048095,13
month,-0.12289515056167098,3
attend,-0.05493118762942638,1
misogynistic,0.12336149488268128,2
O,0.04670654991563166,1
battle,0.052549051317287154,3
reading,-0.08307230845203652,4
them,0.04225266941811534,6
relayed,-0.1405897263759579,1
grab,0.13093408736870935,6
takeover,0.07680595709956094,3
place,-0.0751312769111721,3
resident,-0.11006684114693735,1
event,-0.0894256318247056,1
absurdity,0.264266653313701,1
geographical,-0.06783316194049822,1
philosophically,0.06458874009920097,1
contrast,0.15714362812546365,2
stark,0.17858107973940548,1
clich√©s,0.2868823431450494,1
descend,0.12261688746297562,1
prank,0.15558227475905942,1
obviously,-0.10408873021120274,1
New,0.05931235983576666,2
jackass,0.46691487165723433,1
violence,0.2466688810388809,2
elsewhere,-0.18964710594302986,1
temporary,-0.08824731231787314,1
authority,-0.027526705789471924,2
proclamation,-0.10755434775453483,1
step,-0.12907705027331923,1
affront,0.2624918082589966,3
declaration,-0.18305619241051435,1
challenge,-0.1617657735621825,3
grandstand,0.09775382258031458,1
apply,-0.06527639562613356,3
Neill,-0.07198949617538938,1
Sullivan,-0.1087771740789849,1
competent,0.08648654776036013,1
prime,-0.05651662855563245,1
Office,-0.08003263755247032,2
constitutional,-0.07112954416068273,3
ObamaCare,0.1770274618136909,4
forceful,0.03799226512425246,1
enough,-0.021837602161947307,1
solve,-0.09607325758871113,1
preamble,-0.16733624110539252,1
forth,-0.10634107667812334,1
application,-0.10620737545306058,1
phony,0.3042909800113454,7
Bible,0.12375533025429448,3
Oh,0.07487945267583786,1
base,0.07372291917250572,3
theology,0.12262373162744895,3
tissue,-0.06610218105751736,1
cry,0.007673288498379327,3
asks,-0.14985209548484774,1
punish,0.042751545974325046,2
vowed,-0.030129540613114184,3
remove,0.020932238826805505,1
child,0.0640211402004521,2
spent,-0.04949159602418802,3
knowingly,0.025757306201858808,1
Compromise,0.2781646537748263,1
Changes,-0.11341634994741012,1
Includes,-0.07669379953385437,1
dishonor,0.5008729670254511,1
annoy,0.3129447192632604,1
adult,0.11377142387947121,1
Mattis,0.02191010069236002,3
room,-0.01755351120984713,3
lovable,0.12458634564565782,1
abandon,0.0757386547485176,2
operative,0.09319241178896132,1
tolerate,0.1577660787024786,1
11,0.12131643229445477,1
old,-0.11455563376991251,1
year,-0.05676476430491677,4
Barack,0.08190547577475103,3
Joe,0.07273143683574362,1
ugly,0.2003741317319026,1
turn,0.07668436541771327,3
dumb,0.09673460305766322,1
embarrass,0.07914200665249706,1
very,0.07690463873403758,5
firm,-0.1093194617835723,1
Cole,-0.09255578515624813,1
able,-0.03229897926022158,1
aggressively,0.011337786413409871,2
too,0.1332697270081961,3
above,-0.05488087966319036,1
eye,-0.04880156057421266,2
cynical,0.39899535497493066,1
obvious,0.10818940445337262,1
strategy,0.0577016453016037,1
spike,0.09736624145325978,1
unemployed,0.08728913942901793,1
stem,-0.01943538610872325,2
decry,-0.1878954215350692,1
dangerous,0.1171708798895719,4
TV,-0.06246056689485506,1
Dress,0.11426638546076369,3
former,0.003239404839691186,5
Beto,-0.05154509889676862,1
Rourke,-0.034911935335380756,1
along,-0.06231772682153232,2
impasse,-0.08278953103467251,2
promise,-0.08096669145944818,3
protest,0.04209561927154527,1
assault,0.2137808183483098,5
student,0.04227775077867477,2
prowess,0.1411866080598333,1
prospect,-0.11383397568290131,1
satisfy,0.14728426588690233,1
grill,0.06216943353278409,1
Very,0.08978739141562192,1
protester,0.1642785190349938,2
letter,-0.10819883035041622,10
represent,-0.1077509879817807,1
ideal,0.09019103615466631,2
contradicts,0.16913576843581019,1
practice,-0.08237291985790236,1
tabloid,0.06893467915050842,2
smear,0.051849268066250856,2
disagreement,-0.1657201857883955,3
spark,-0.11455263286827803,1
giveaway,0.052796653122486985,1
little,0.05392544122132633,3
Asked,-0.204258063951062,2
Benghazi,0.04966176273415343,3
reply,-0.12559195524606503,4
Is,-0.08250702210032783,1
much,-0.05433293077139356,4
scoff,0.08490126470400841,1
pityingly,0.04698075757247707,1
deny,-0.16528950090990552,2
bluster,0.10463712908465916,1
propose,-0.058003158651702136,1
negative,0.14411592053016622,3
insist,0.08198963507532442,1
wayward,0.07850139587181705,1
MSNBC,0.07086367249847224,1
series,-0.06149676626500298,1
completely,0.10269777006130676,4
journalism,0.08185133710368338,1
pursuant,-0.05202982995183976,1
Committees,-0.041620944850709746,1
statute,-0.03402981566565333,1
Rather,0.024645568715276192,1
Glenn,0.05415461643950399,2
Speaker,-0.1277500517150286,6
invite,-0.1233944724760358,3
Netanyahu,0.03948039738570554,5
mock,0.23607915239315064,4
supposedly,0.16320811343020142,2
portion,-0.09101327771712175,1
sometimes,-0.14716866076726612,3
investigator,-0.13029179654694067,1
Congressional,0.12993285109945044,1
interest,-0.10709507092643084,2
cowardice,0.2645665845859421,3
handshake,-0.04565631697163605,1
subject,-0.031710555197122084,2
Calls,-0.011032524296704168,1
dozen,-0.007826263351475802,1
blowhard,0.18637276323746751,1
disconcert,0.1099625426652393,1
congratulate,-0.09724393632581227,1
While,0.029696296435493166,2
endorsement,-0.09863493044473139,3
hurtful,0.29382090321677884,2
cable,-0.14942622818857826,1
insistence,-0.10548861364918097,1
four,-0.020702817595118873,3
State,-0.13529990742683093,5
imminent,0.08311427232578264,1
requirement,-0.05115743309711101,1
relevant,-0.03852832969801484,1
consistent,-0.10394552229536143,3
discussion,-0.018364692898749844,1
liberal,0.11040420859865308,14
both,-0.11622668444127125,1
general,-0.10915064972062824,1
found,-0.12447928779372137,3
bias,0.09795101319934603,3
played,-0.024661887861122105,2
reality,0.08500845774027914,2
lustily,0.23637037000079786,1
crowd,-0.1169875869086284,2
pounce,0.4234949694934933,1
Following,-0.14407643909446333,1
chief,-0.10837855662292141,4
great,0.041261619060110666,4
Bloomberg,-0.04507237536693691,5
We,-0.023472256083898385,8
snatch,0.10749475080352185,1
credibility,0.4152678014536344,1
tremendous,0.015966365995510264,1
lace,0.12105297282955055,2
responsibility,-0.012093609160587486,2
spellbound,0.07445819269201762,1
life,-0.068938769494519,1
strong,0.06641506866663716,1
Conservative,0.1096514711202281,3
Bachmann,0.024717858526257835,1
allege,0.08357414685103443,2
garbage,0.19160438074365246,4
estate,-0.09813750081114168,1
star,-0.08289283097309716,1
gaffe,0.12567752298503146,2
aid,0.08844876770416481,1
creation,0.07937034721157299,1
bloc,0.06815137315623988,1
immature,0.30355761892700023,1
smirk,0.12895624167434683,2
powerful,0.12589779842583407,1
counterintelligence,-0.07014165624640566,1
weak,0.10395843876203567,5
Because,0.061424279207302486,2
federal,-0.08705537968665525,4
described,-0.12610915766361028,7
content,-0.05958822552164039,1
nasty,0.2700541439285416,1
join,-0.04753094400144835,2
B,-0.03879109644911326,2
Army,-0.01299911027720895,1
officer,-0.03425275843690374,2
serve,-0.0729480987370102,6
furious,0.11464824171615536,1
deaf,0.11409418713307001,1
majority,0.034633540432468635,3
follower,0.11134824206172761,2
although,-0.12219758768638048,2
though,-0.10602844243693552,5
night,-0.10634861150416856,1
clearheaded,0.09362101857901757,1
credit,-0.023961182726326264,3
ignorance,0.12596175414009506,2
juggling,-0.17597531544096967,1
Pence,0.171317228544292,3
unexpected,-0.1062438824629458,1
devote,-0.07669762216117701,1
fabrication,0.04486462567074818,1
surprise,0.07357570848757151,2
bragging,0.16530093536655754,3
sexual,0.07999583173157139,4
incompatible,0.2339038108191116,1
Committee,-0.043206976852721804,2
past,0.060899746350682724,1
publicly,-0.08101404937012102,1
devolve,0.07510127025009282,1
composure,-0.021504522087671448,2
billionaire,0.3937632897764369,1
bunch,0.1113973997579899,3
retaliate,-0.09937423251107602,1
shutdown,-0.043218258529936625,2
unlawful,0.22890463870185468,1
sure,-0.17190123953563344,1
me,-0.03325035811866074,4
Today,-0.13569820332529153,1
Greene,-0.1317257166493949,1
Farenthold,-0.09385046593777611,3
liberty,0.04675137407959755,2
religious,0.08990774893181085,4
placate,0.29550721635656296,1
sister,-0.053297865478731776,2
worried,0.1195383410862389,2
disrespect,0.09473041365140202,1
re,0.10412484918065987,2
Graham,-0.0695652254843648,2
image,0.026145890056582244,2
seize,0.10294360752668438,5
may,-0.0736496216728055,3
wish,0.08319857192524654,1
felony,0.02489516215094917,2
misdemeanor,-0.03454254936925089,1
history,0.024683765792370308,1
union,0.11238204682993481,1
area,-0.0869023744507341,2
designate,-0.20878074859193085,1
probe,-0.19298505011685205,3
query,-0.1139185695960812,1
controversial,0.11422874602201298,3
crotch,0.0814396759682847,1
Kathy,-0.07047921618540323,2
Anderson,0.04534740133236297,1
failure,0.19132289282665207,3
create,0.040507932890943565,3
imperfect,-0.09716360313588625,1
appointment,-0.042286749414198965,1
oppose,0.06359776096404322,4
legalize,-0.14247401913727745,2
Like,0.10973298006187628,2
Amendment,-0.05628261443445787,1
foul,0.10790906106102958,3
Islamic,0.127746599237678,2
mouth,0.06976325158094632,2
video,-0.0828337072025077,3
data,-0.09336405768176331,2
treat,-0.019098256320917863,1
piggy,0.0601016081640855,2
treasure,0.014612614675449706,1
bigotry,0.16586380971758014,1
ripped,0.08662734779121883,2
contractor,-0.04912098931671338,1
speech,-0.12946863587582272,2
overwhelm,0.12253744152691723,1
Indeed,0.1308115358038174,1
tie,-0.15343754497345663,2
amid,-0.14927950326133535,1
stun,0.09854777363761104,5
safer,-0.12442771354042308,2
superior,0.10014413766196817,2
border,0.06072845042947663,6
Governor,0.07451418885537886,2
unusual,-0.12368276194551607,3
betrayal,0.15168417849163948,1
profound,0.08561751306978556,1
complicit,0.11853535135294259,2
classless,0.08136711874071882,1
Heidi,0.07317656690143354,1
Creepy,0.34980073150927404,1
cover,-0.10277536647046409,4
simply,0.08130197512771692,3
Newsweek,0.07960105489723127,1
Ghost,-0.05820266967782664,1
office,-0.1209959454635447,3
follow,-0.09421516735655747,4
inauguration,-0.173598105873583,1
accord,-0.12501378335632235,7
soggy,-0.12901208697712618,1
light,-0.1000894101973028,1
Those,0.09340450750984168,1
implausibly,0.07253172858836665,2
vehicle,0.04169429585140625,1
finish,-0.059417540133439285,3
success,0.09620143217652058,1
defensively,0.054623262609054896,1
enhance,-0.1465939104461608,1
felon,0.13879283253972338,1
expand,-0.022562150041613653,2
chuckle,-0.04754046771381769,1
terrorism,0.11555925938169033,2
interpret,-0.04596383654086659,1
act,-0.10228996374882184,3
source,-0.041884236061136865,1
Moammar,-0.05068151746865348,1
wimp,0.07847630904600694,2
staff,-0.07643389320115518,3
focus,-0.12803887142352402,1
fight,-0.009312650779986286,5
check,-0.08086889891098975,1
appearance,-0.12172508619068585,5
listen,0.0023767401546739217,2
nice,-0.0491348436515735,1
tribute,-0.3097715490402248,1
express,-0.16560326757469374,8
As,-0.05127527028906281,6
stipulates,-0.18132259304224976,1
require,-0.15249414859695734,1
extend,-0.1251517889873009,2
everybody,0.07493335636686728,1
Witch,0.20470568014364884,2
blood,0.11926070750310455,1
entire,0.11207351858663221,1
college,-0.12403041138694056,1
rage,0.06946676663856159,3
Aug,-0.10573536779195648,1
own,0.03584322317984106,4
course,-0.042150910575084806,4
wrong,0.19592391988697358,11
immunity,0.17920302397918478,1
Everything,0.17695819693927944,1
blemish,0.1457382799772076,1
few,-0.06064005030739513,3
historic,0.058295510332660866,2
trip,-0.0073411987700648905,2
might,-0.06457625658789272,5
communication,-0.07594861338309758,2
son,0.07000797534154775,1
blind,0.11259706747717685,2
darkness,0.1023007623484302,1
dirty,0.32124348309952877,2
A,-0.07369133919196787,4
Nixon,0.12930038713293499,2
disgraceful,0.1530080853716098,3
plead,-0.13250601250552468,2
enter,-0.11520932819931358,1
Secretary,-0.10092171170886596,1
approach,-0.11251088488683535,3
longer,0.1589623914835874,1
DOJ,0.15363146358236757,1
Palin,0.1521108441569245,2
bully,0.15540975987369415,2
regime,0.11827733350262304,1
systematically,0.08218052446390862,3
embrace,0.06598420009130591,3
violent,0.17194728004934945,1
Marijuana,0.0789259711749185,1
deride,0.17456976998447343,2
alliance,-0.11628213507504641,2
leadership,-0.11390370892598738,1
inspire,-0.10963829165364522,1
Her,0.08645040162634722,4
view,-0.01287363991594128,6
despite,0.1381056504504325,2
unprofessional,0.27636768493132363,1
Nadler,-0.09667145316837292,2
location,-0.08184994210061612,1
episode,-0.062353027261706884,2
before,-0.09008043261690593,2
violate,-0.1469334394341223,1
heard,0.01560063763163394,2
visit,-0.17521593677304437,5
U,-0.08800440453568939,2
vision,-0.1084412497014734,2
set,-0.06585392198052062,2
minimize,-0.11913238017519957,1
curtail,-0.06491972022037831,1
need,0.06149042329429412,5
Ms,-0.05798551730760093,7
degree,-0.0995710758485243,2
every,0.09922410519454021,3
Instead,0.1855911302717593,2
motto,0.15492428612742168,1
lament,-0.13687242090994095,2
rival,-0.061014041600849285,1
Journal,-0.17308301822541883,1
unto,-0.1643129460553468,1
others,-0.12959867215996101,1
shareholder,-0.07442036491924692,1
feel,-0.06863441556735192,1
toxic,0.2011138162381153,3
here,0.013109380696161799,2
menace,0.034095182388379414,1
two,-0.0960499838387205,5
exchange,-0.1505545066134688,2
down,0.04906013372429427,4
disaster,0.26409030444832904,4
con,0.20756181716096736,2
Senor,-0.24065021270604503,1
effort,-0.14106291623181036,1
defiant,0.1252246287071725,1
tone,-0.09503788492374679,1
appear,-0.068634568188451,6
empty,0.07397943108444631,1
proven,0.019231364778534623,2
assessment,-0.04843470130410947,1
several,-0.07894974603365025,5
plow,0.13990454307902644,1
nobody,0.1270875496993648,2
dead,0.13872828898412037,3
gut,0.08463011615657431,2
hysterical,0.08302284871180265,2
destroy,0.05257809860226985,2
wake,-0.10955782939658545,1
bomb,0.07711232252041626,4
handedly,0.06854293183999138,1
staunch,0.041202166320129734,1
vile,0.23476811417817545,1
afternoon,-0.12736131834231507,2
massacre,0.20777240267344618,1
Sandy,0.08666543589499506,1
thanked,-0.17056014431152622,1
cause,0.0950786456580827,1
conversion,0.054783908104185944,1
nomination,-0.13232657921560126,4
misleadingly,0.3879153309740097,1
conclusively,-0.07561870225031249,1
Somewhat,0.06800301658404198,1
politically,0.0923352972365778,3
ascertain,-0.0988455431523191,1
other,-0.0066107277791722895,4
obstruction,-0.17239070259978942,1
most,0.08614349093925593,3
proclaim,0.08466574933270023,1
stupid,0.16006026116384994,3
cent,0.10033681039679741,1
theocrat,0.14113260909800554,1
favor,0.11743960533530279,1
Moore,0.0028826932681061193,4
repeatedly,0.15213620138191164,1
dress,0.12247358925004344,1
fabric,0.0695369644503485,1
Rose,-0.05939194727907132,2
Grimm,-0.08227585604719552,1
2016,-0.15172333313116224,2
Marc,-0.07151086473889817,2
executive,-0.013704666162820692,1
dialogue,-0.07335238762279016,1
dissident,-0.04685850100924816,1
disastrous,0.050196701086543206,1
Rage,0.17952937397959318,2
Queen,0.0862316387952356,1
resignation,-0.10285363669663077,1
1980,-0.06682047917414051,1
These,0.1035438811865429,2
2006,-0.06388253842257446,1
death,0.12970395590182537,3
Hail,0.053323410295609365,1
we,-0.017161085242984795,6
Development,-0.12592173726298087,1
gerrymander,0.07103543386537901,1
contain,-0.04940471039986614,1
suit,-0.03183754802412083,1
separation,0.05287869434709494,1
Blumenthal,0.12885755897823234,3
prayed,-0.01270753889184587,1
demonstration,-0.012662207856212372,1
shortly,-0.05729759254903591,2
shock,0.3551710310292959,2
TMZ,0.15407831774698894,2
gory,0.12979763673661776,2
minister,-0.09728400958434995,2
Baptist,-0.09477191129509666,1
Christians,0.07145129964107347,1
unhinged,0.6187072560312985,1
Tim,-0.022738264444721087,1
16,-0.11220444308760798,2
Yet,0.1799609361733498,1
downplayed,-0.1447372255126135,1
adore,0.1429811437025476,1
Without,0.08717040959518114,1
retriever,-0.11074237286839439,1
sniff,-0.06724644921906285,1
task,0.030736758106355015,2
happen,-0.0685931504753207,1
victim,0.07263485120004753,1
rebuffed,0.1491695196014814,1
Marine,-0.03439821642056412,1
All,0.17910536625564238,1
Clintons,0.08475294456111192,2
effective,-0.058032847696510695,1
35,-0.05159808445074339,1
decimate,0.1141079831727766,1
amend,-0.11743078860154987,2
repudiate,-0.11366738998755499,1
unchallenged,0.12726912611082097,1
legislation,-0.07076687400118505,7
order,-0.12105093498022801,1
blow,0.1323940342255425,1
stakeholder,-0.11671256536314607,1
loud,0.10714941974013051,1
Townsend,-0.04640289071005406,1
198,-0.13951743628192367,1
Twitter,-0.102845682678175,3
king,0.11714062837834725,1
surrogate,0.08777999394334089,1
occasion,-0.13807183328978437,2
stiffly,0.08480506104930616,1
cool,0.29207706902933794,2
m,-0.021294378622281878,3
alert,-0.06556386212573921,1
California,0.12539297321774737,1
picked,0.11480876127079129,1
fed,0.17416822240451013,2
McMahon,0.06430998679956808,1
Times,-0.018308602025680545,2
blowing,0.18178135015772737,1
Press,-0.10191628077130017,3
His,0.038515616027560276,8
half,0.15468052553661102,1
ll,0.07733726558363017,3
script,0.26934843680439413,1
depart,-0.09951401058887326,1
postpone,-0.06760855992404584,1
unsettle,0.0304147762531716,1
desire,-0.05623727700644971,1
toward,-0.055101580409826406,1
Jeb,-0.05097727793184073,1
scandal,0.07538263282183766,3
mega,0.040044102470155,1
heritage,0.058297445684279595,2
tyrannical,0.2093248739334469,1
sole,0.08798236202106333,1
Christian,0.09741845960553878,2
coerce,-0.03439722565295983,1
addict,0.26961096538196105,1
spending,0.090761838025328,3
conveniently,0.2592868036749373,1
Fort,-0.05832824774288575,1
lawsuit,-0.17145516520493242,2
attorney,-0.07534203573052603,2
shy,0.0035279846912603594,2
identify,-0.0882227875337194,1
thick,-0.03555990092020515,1
compound,-0.12173043746856016,2
Libya,-0.08905664013322749,1
parent,-0.0812347348048778,1
acknowledge,-0.13079573806913034,2
conference,-0.08304346275845688,4
anti,0.11312511696900827,2
keep,0.10523732013581147,2
trouble,0.1374732332326044,3
Goelman,-0.0861660641436894,1
socialist,0.04832475290155147,2
assert,-0.07703046512672819,3
funding,-0.13484215696121826,2
raid,0.18721790044212275,4
health,-0.11376350821974182,2
terrorize,0.12501055544014059,1
newspaper,-0.04380640223534366,1
Assembly,-0.04300819693800414,1
introduce,-0.0398671548896519,1
infamous,0.1799897843780219,2
impersonation,0.13182651445117718,1
usual,-0.07645337907783507,2
counter,0.16670584749757458,1
outburst,0.14236829602422602,1
magnet,-0.021701436337634744,2
put,-0.06131593806064549,2
offer,-0.14730407320933497,5
role,-0.1439291711624963,1
world,0.09974247733804115,1
Rod,-0.04261075533273987,1
Majority,-0.07568848603357893,2
facetiously,0.12968141089897645,1
work,-0.0854738851958438,3
win,0.047015608747869496,6
advocate,0.2180390685658536,1
affect,-0.06513452787001268,1
especially,0.06482626551376688,2
during,-0.0930259969237123,4
taxpayer,0.0665043570210764,1
story,-0.12041149131376512,1
Veselnitskaya,-0.13555489478843263,1
dirt,0.08791577558652484,1
allow,0.06586852067422591,1
OUTRAGE,0.040016089144480044,1
Religious,0.029334337585591137,1
white,0.15228955624226587,2
supremacist,0.19378495740158688,1
booed,0.41420134464121333,1
Brat,0.11850667391820635,1
outpost,-0.14465333667888497,1
aren,0.1517606811206185,1
erosion,0.10812006229204442,1
hypocrisy,0.17549995333604662,3
richest,0.0602869065706189,2
quickly,-0.07262628427921185,2
Nah,0.022533135598731057,1
Malia,-0.007303165489377246,1
King,0.13813055223772802,1
Who,0.08801542828133581,2
Seth,0.05899309395198098,1
remains,-0.06546705141639932,1
cruel,0.08789480329412036,1
reminder,-0.184309773622551,1
deliberately,0.1291331235510351,1
Being,-0.07848032642052806,1
marriage,0.07822163618726871,2
outnumber,-0.11895784949398179,1
prosecutor,-0.0888247998158047,1
nut,0.3781084397575172,1
basically,0.13669996861984662,1
NOW,0.09871098997456765,1
impossible,0.07462393665186626,1
rise,-0.06848032388353437,1
unbecoming,0.5473781559100248,2
conduct,-0.03297883419268471,3
cronyism,0.1073122434156552,1
amok,0.09736275747055506,1
scathing,0.18518049161648303,1
Federation,-0.16133860745844966,1
broader,-0.11939372135364584,1
born,0.01976707559049906,2
Bluff,0.2144465444430483,1
Bills,-0.12334280167065662,1
Likely,-0.11882927704156404,1
reporting,-0.051118941711598344,2
recall,-0.17853048086977574,1
apparently,0.11217981137931121,2
opt,-0.11280922183074993,1
University,0.06851904200011674,1
Georgetown,-0.057807086826461934,1
middle,0.08178075391481779,2
singer,-0.12190202443304345,1
gospel,0.09293493410124981,2
name,-0.05539250294534663,1
castigate,0.03731526161201649,2
design,0.11601390840238315,2
supporter,-0.04295084001924679,3
together,-0.1337364877734526,3
radical,0.1464901033349949,2
riddle,0.13317668568428553,1
falsehood,0.10156382127671909,1
belies,0.10514330822588562,1
mindedness,0.08617348991350476,1
quo,0.07725748580868899,1
ill,0.1489036102861789,1
Vance,-0.12528095902886982,1
rescue,-0.10438033911208991,1
nastiness,0.08630892547166127,2
divisiveness,0.03209824034199756,2
Americas,0.06175370318387602,1
deeply,-0.007416138652170737,2
assail,0.09947699221924784,1
Protection,-0.07011474942234315,2
wrath,0.09909165014951887,1
repudiation,0.1393542023019087,1
repeal,-0.0821599034692281,1
mean,0.0751486395976278,1
million,0.08781994652144165,3
Hispanics,0.10693795380292433,2
drive,0.02248895254457867,2
famous,-0.21282116930544379,1
City,0.15456952782471942,1
push,0.05082637966721787,3
Tent,-0.10387827374352228,1
roundly,-0.1080077344676085,1
chorus,0.10155370846829367,1
alongside,-0.10834409167279746,1
June,-0.07006813170837246,1
specific,-0.024534182806366166,1
Crazy,0.1289138492456499,1
Puts,0.07669494417464945,1
Kristen,-0.118711704226694,1
offensive,0.11030326592664348,1
Under,-0.07450313807720833,1
case,-0.11957776092055901,3
cooperate,-0.08902933968580151,1
cede,0.07079904755448684,1
adversary,-0.032287125757061774,1
heart,0.14638943460470855,1
word,-0.08772282258675285,1
audacity,0.16705168671833642,1
dictate,0.10628855952478403,1
solicitation,-0.010567152554665431,1
fund,-0.07610735933396705,3
partnership,-0.1438118001970201,1
Founders,0.13544692315277052,1
Surely,0.07002383027034094,1
sadden,-0.04818475304559563,1
link,-0.030992355393919754,1
argues,-0.22796679780114992,1
where,-0.083706945051294,3
Nebraska,0.03175025286673932,3
verse,-0.1515879229569269,1
crony,0.20842886016011217,1
perfect,0.0594230309698711,1
Constitution,-0.0419694676690431,3
lot,-0.13985251469017468,1
silent,0.06803209525993927,1
propaganda,0.11790156468395711,1
nonsense,0.0637464195613334,1
chamber,-0.16746794624011704,2
flatter,0.08623576290412711,1
five,-0.1034076736800251,1
avoid,-0.09560857136226233,2
conclude,-0.14262047141550843,1
emphasize,-0.1090324626191288,1
Cheney,0.10849891976042554,2
Members,-0.09362684813739797,2
sooner,0.13209687616277024,1
Elections,-0.0975993235115314,1
model,0.07527199500470715,1
lady,-0.06413966717788205,1
retreat,0.10258027859568382,1
rain,-0.14312173761581987,2
breath,-0.12541484775313155,1
Inaugural,-0.10666319289606536,1
soak,0.08960839330346204,2
negotiator,-0.11430476689610837,1
deprive,0.10749187316355868,1
new,0.06643364651892086,6
opportunist,0.09898540485653709,1
bishop,0.107841264682908,1
Last,-0.07412785195410085,1
straw,0.035751446976435196,1
How,0.14052077348985095,1
plant,-0.19951670517941414,1
Oklahoma,-0.19684510404640285,1
leak,0.24486776503946953,1
bank,0.0705969095791423,1
microphone,-0.022350347885757557,1
pass,-0.10708669460314951,2
splinter,0.19694163154832756,1
WWF,0.0559815603755066,1
Linda,0.05115712042203234,1
interfere,0.0447025017608109,1
warning,-0.05887449132307497,1
negligent,0.05753928313341297,2
chutzpah,0.11635014152298877,1
lifetime,-0.034477421047005595,2
indict,-0.11295474038126306,1
scorn,0.08425656123599828,1
DC,0.08370930540871387,1
hashtag,-0.156367157079762,2
unlikely,-0.07920063769649208,2
quell,-0.06495614636884772,1
file,-0.12412100771576166,3
deception,0.10629024525005124,1
qualify,0.20145262926471158,1
expletive,0.13686819584475904,3
freshman,0.02012376121188055,1
al,-0.10109407222057021,1
blame,0.13349212538343103,2
explain,-0.09767531482165161,1
weakness,0.16066836267343895,1
pretend,0.06097899992612641,1
closing,0.03604844583706652,1
department,0.08382558193911929,1
won,0.06441174081643229,1
privatize,0.05526992033427487,1
BuzzFeed,-0.11172309065230727,1
inaccurate,0.08561767769019535,2
sale,-0.20414709982101895,1
reaps,0.08558705818669038,1
Neither,-0.06948943476839928,1
specifically,-0.05482179916363816,1
biscuit,-0.06666820568442247,1
breakfast,-0.0574055432413469,1
care,0.048064849610920245,3
prefer,0.05150133304590373,1
provision,-0.12998728534996803,1
language,-0.11660580101813382,1
overly,0.015905012354908675,2
Abedin,-0.14273644708273792,1
ethnicity,0.05074270730490071,1
Stone,-0.10749515268522003,1
Economists,-0.11570583490501975,1
drastically,0.09362102843809145,1
egocentric,0.16625558501262688,1
disturb,0.19646290805035566,2
Inslee,-0.10795595880517156,1
particularly,-0.042780016324109875,1
author,-0.10447754131416412,1
fall,-0.05676849444004042,1
chance,0.06479775653091627,1
ground,0.005878346366285182,2
sought,-0.07754193303165402,2
inappropriate,0.001862937013034335,3
hard,0.110399666990784,1
Miller,0.10050556874232897,1
buck,0.07115067515628147,1
performance,0.046182257594110404,1
pathetic,0.33279847872698753,1
predictable,0.13054831261767855,1
Voice,-0.07046485575868014,1
earlier,-0.06009771911965431,3
range,-0.047131448111555146,2
social,-0.11070052205051835,2
giant,-0.07237912293822248,1
malarkey,0.320367677787202,2
retort,-0.11169507988498419,1
loudly,0.09225542843127503,1
compromise,-0.019666623191412713,2
describe,-0.13213941402610827,2
harsh,0.04950086535898259,1
dismiss,-0.06592204711510523,3
accuser,-0.10142204042180906,1
read,-0.006444349378886077,2
ruin,0.28577666494782145,1
us,0.03817546054574903,3
screw,0.2074634762360641,1
colleague,-0.1031194841928591,3
proceed,-0.09105155997907664,1
Chairman,-0.1514810413061153,2
IRS,0.024772869571298643,2
hostile,0.06614237469422479,1
elite,0.17750976526204776,2
floor,-0.06844517701184859,1
fire,-0.00815101880527557,3
berating,0.12918307272910534,1
attitude,0.10366300222417893,1
astound,0.13475887253788194,1
caucus,0.07466522911026258,4
contact,-0.16377772052865688,1
lawful,-0.06771967356592835,1
fifth,0.07498303849889158,1
hatred,0.0939164669515247,1
friend,-0.09167153017968814,3
mine,-0.062390204450402956,1
Mitt,0.03289665710868389,2
important,0.05418698605460867,1
obligation,-0.08840821599632544,1
block,0.08663047152136376,1
percent,0.14496654309250465,1
gossip,0.16562991613349962,2
joked,-0.10624148888302365,1
fear,-0.012798451755867565,2
According,-0.0999880804597729,1
trash,0.3468872835440425,1
During,-0.07381483081596997,1
wouldn,0.13772261400529506,1
murky,-0.16647992399035066,1
consistency,0.02552206450680763,1
crude,0.2129112892942558,2
art,-0.05455587085833507,1
relish,0.04569433668464,1
wildly,0.11884045735964234,1
McCain,0.05762368744640278,4
musing,-0.13439457004421176,1
destroyed,0.22264044353185372,2
Flynn,0.10650213559309403,1
fake,0.1258629517187318,4
news,0.08142186602724508,1
Priebus,0.12819007821769032,1
squeeze,0.10483568891866969,1
banter,0.19088496211026282,1
commemorative,-0.09536946097578453,1
mogul,0.09090467945039975,1
shrift,0.047547992429048294,1
Illinois,0.03291128130887557,1
repeat,-0.11283755604647433,1
intimidate,0.13101447550955014,1
harshest,0.17960087534179903,1
Iowa,-0.06356626864896721,2
hype,0.182549509769965,1
ve,0.05389057364032867,1
pending,-0.0863647920427065,1
When,0.10088430523403213,2
Asa,0.04755237207182538,1
mainstream,0.13253173081621852,1
demagogued,0.20549602167064637,1
ironically,0.06653523094268901,1
saving,0.04363538342952785,1
Ferguson,0.1882125419290667,1
Since,-0.07566493930508443,3
Islam,0.04211239225275484,1
scary,0.08200285176056392,1
Senator,-0.05050351695366045,1
unenthused,0.10986122179037482,1
explanation,-0.048146013305494076,2
nor,-0.2015644367434517,2
cynically,0.088702768034929,1
continue,0.05379633339641964,3
Mexicans,0.04995561166285294,1
touch,-0.12101577495918507,1
auditorium,-0.10323284346324202,1
turmoil,0.08399068199553937,1
Beck,0.08364255791303615,1
unseemly,0.098728433898036,1
presidency,0.08547642199764438,1
42,0.058195097461882714,1
increasingly,0.04633984199718112,1
Clapper,-0.09604716729585194,2
definitely,-0.09741475448244263,1
congresswoman,0.059881498171080495,1
land,-0.0534003691530813,1
anymore,0.2366024144923083,1
fast,-0.0529889992474421,1
black,0.12129339336591241,1
rant,0.06049893359383533,1
grain,0.03703807425824101,1
anyway,0.1100288832751011,1
precedent,-0.039132060490855616,1
another,0.08419387689324395,1
racially,0.019140742599469622,1
misguide,0.06298102162926283,1
Davis,-0.054394880419259335,1
dollar,0.06737713534269035,2
Agent,-0.11987551027430343,2
dedication,-0.09512755448867205,1
begin,-0.09675005670087845,3
Critics,0.004503976626087369,2
Nuland,0.10754778574200503,1
spokeswoman,-0.10029898131976454,1
neoconservative,0.17022376010195345,2
decade,0.10188417830571915,1
Israel,0.27670634101845565,2
stood,-0.05900999061614823,2
value,0.0461551584129078,1
disappointed,-0.04853490269118762,1
nonetheless,-0.07673253837949745,1
fodder,0.1711007935955277,1
disavow,-0.1384907866027149,1
secretary,-0.10247004100009993,3
Gibbs,-0.07059495847859328,2
today,0.07248753394574817,1
capability,-0.054856498116965705,1
notice,-0.04132905562414069,1
forethought,0.04121112266865179,1
collect,-0.06380917378649258,1
forcefully,0.05286699318122301,1
NO,0.13856981021000692,1
COLLUSION,0.13258240674692126,1
Country,0.0742449850468388,1
prepared,-0.08176766030834848,1
Policy,0.08689167833160977,1
Wal,-0.0901145721420419,1
unrepresentative,0.05591342388994038,1
someone,0.0955263811579773,1
eviscerate,0.23544824951207113,1
retire,-0.1507193090658276,1
voter,0.05483027921479284,3
number,-0.11324457320851494,3
honest,0.09752823201119877,1
challenger,-0.07027880405582233,1
Fake,0.08112284518304297,1
d,-0.0870231211163874,1
liar,0.053514667970688407,1
Political,0.05249468807705067,1
material,-0.12937571717073057,1
e,-0.10366302787225508,1
object,-0.09202170418046815,1
discharge,-0.13638054471320707,1
your,0.07948727175636609,5
Address,-0.16939874463477989,1
Capitol,-0.04537945727082407,3
Cold,0.060271515899113275,1
Gay,0.08742118012817533,1
July,-0.08504002963260923,1
sinking,0.13141432982157386,1
voicemail,-0.15040823432472833,1
oversee,0.06078391601574689,1
shot,0.17047619869322453,3
long,0.010996246813168952,3
bid,0.04021373935694096,1
start,-0.00419489253493871,2
indiscretion,0.16269397859767887,1
mug,0.26292423193009135,1
barrage,0.19777989986265304,1
relentless,0.10769156352482046,2
camera,-0.08237005411673998,1
J,-0.0380365924250816,1
Week,-0.02539535433540926,1
lunch,-0.10278072722759006,1
verify,-0.10170337729841529,1
dodge,0.27380118505416107,2
Crooked,0.2741796272793152,2
basic,0.11848856045679866,1
Money,-0.08509581170292385,1
book,-0.06057541551375731,1
Your,0.06757260455821067,2
undermined,0.40030418350687547,1
principle,-0.08073899775866586,1
uphold,-0.06245973139886429,1
met,-0.09706648659402727,1
Sasha,-0.14557001112229243,1
incredulous,0.27791280558851866,1
disrespectful,0.1645088732505271,1
alone,0.03758946794590103,1
ferocious,0.1586749137300476,1
fil,-0.07763018991581265,1
backlash,0.1219033701432804,2
shenanigan,0.10736821155444834,2
pull,0.14257910563464088,2
Shawn,-0.0945070189877257,1
combat,-0.06397546142183708,3
consult,-0.10098670098622786,1
approve,-0.05351588714869659,1
oppression,0.05037279027068703,1
unit,-0.030873544687634136,1
drill,-0.026638705324496928,1
exercise,-0.02323693742791855,1
tawdry,0.18113101024858344,1
stunt,0.06599607577558701,1
ambassador,-0.11513295012158767,1
knock,0.09269594023539138,1
nuclear,0.005344072247428881,2
inaccurately,0.1392429769099636,1
around,-0.04968678750720669,1
punch,0.06992396988016872,1
personnel,-0.09412368273204014,2
bestseller,-0.1080758959194494,1
major,0.08736950492292728,1
find,-0.07413584300031881,3
finance,-0.07268573614123383,1
corner,-0.04963307913375716,1
harden,0.255058550531559,1
discriminate,-0.0709611044873485,1
Warner,-0.12436144431543202,1
establish,-0.09288167615993972,1
line,0.03443712728615533,2
director,-0.08259808910319559,1
Okay,-0.07800077009379187,1
mark,-0.11800882626755181,1
swiftly,0.19589477002527386,1
Even,0.09697966201807798,2
ammunition,0.06324250296239087,1
generate,-0.04225783059583069,1
Progressive,0.11538958712279707,1
bristle,0.11262079414857028,1
pursuit,0.06486324877330589,1
Benjamin,-0.035887602682900005,1
police,0.004011348850709084,2
session,-0.09737773094077483,1
FactCheck,-0.08703403326602084,1
profanely,0.2429359847813757,1
impeach,0.16931857257783473,4
near,-0.08853497327920223,1
draw,0.03742821515123637,1
Herrod,-0.08351428533725623,1
agreement,-0.18056221646619677,1
bypass,0.15344341033264808,1
cease,-0.13927590501918227,1
congressional,-0.04576071232825912,4
inflict,0.018685978649882563,1
Ra√∫l,-0.031674617082571264,1
announces,-0.11820462468276666,1
deadline,-0.17032794722168293,1
choose,0.09413373927452331,2
weigh,-0.07901808320473298,1
typically,-0.04260139619206206,1
interviewed,-0.01958356596577127,1
ineffective,0.1301321416286418,3
Page,-0.23034186466751072,1
Strzok,-0.15029652530005214,1
message,-0.08252352513708269,4
argument,-0.10849838473429213,1
Dan,0.08276254490583192,1
John,-0.09978178658111121,2
judgmental,0.3495003113456479,1
feeling,-0.12468958583967774,1
accept,0.05445821238661173,1
misinformation,0.052381087658028576,1
replete,0.046817489320700144,1
narrative,0.03467027890319244,1
wash,0.1560234403094026,1
ignore,0.15559002993975532,2
alter,-0.14009417867312618,1
denounce,-0.08120982295919414,1
hostage,0.0751342990460048,2
Representative,-0.07307204162645181,2
Mikie,-0.03287770530763732,1
Hunter,-0.07248013058338984,1
structure,-0.06980647817312724,1
fundamental,0.143218763058117,1
wisdom,0.10990121123417239,1
choirboy,0.0920096733466643,1
disgrace,0.23852219738665983,3
recover,-0.07517056799961094,2
coverage,-0.04762804601651261,1
greed,0.1437011528682082,1
Driven,0.13075375365285763,1
deceptive,0.08048657614131034,1
soundtrack,-0.18437045498231816,1
episodic,-0.10286715993488964,1
Homeland,0.0628780786545759,1
jumping,0.065966095588011,1
appeal,-0.13520670462113943,1
inconsistent,0.05466941281747772,1
immense,0.12835602006320943,1
possibly,0.06394861158267608,1
mentally,0.13737562779700152,1
unlike,0.0660233375282372,1
innocence,0.060196323392236316,1
reverberate,0.16994224248353737,1
implication,-0.1633881341836901,2
shithole,0.026244828145216562,1
slung,0.025680654687213762,1
foe,0.0196810656512221,1
infamously,0.015678794175259234,1
city,-0.10048391889659349,1
Deep,0.19080886364963143,1
afford,0.0949944452695129,1
taunt,0.07915666972169688,1
monologue,0.11717994330366409,1
severely,0.07615255642313475,1
tarnished,0.07442611414482159,1
grumble,0.09531148787747312,1
oust,0.08720406438479783,1
fundraiser,0.09382220233123431,1
prolific,0.07750003808759243,1
1825,-0.09987324990236601,1
duel,-0.0639230529345122,1
stick,-0.044352954815023056,1
carrot,-0.037936787014604026,1
lead,0.05890658967608981,1
imperfection,-0.056092434579022694,1
rare,-0.11544543483041803,1
disavowed,-0.17331752146923007,1
regional,-0.09710496784237026,1
Trying,0.09527607391112707,1
replace,-0.08892964960611277,1
variety,-0.10991841053768586,1
reprehensible,0.168767773697959,1
morally,0.13814085017533492,1
malpractice,0.07252436265186946,1
naked,0.22328555272124676,1
feature,-0.11354956852166728,1
conduit,-0.1554166091761167,1
intelligence,-0.09943106283474507,2
misbehavior,0.15084415134614496,1
bizarre,0.09713544997093071,1
censorship,-0.04922904135338651,1
desperation,0.08291758848605596,1
vocal,-0.11807530295554139,1
critic,0.006472864713273567,2
abruptly,0.08543518448696152,1
bombshell,0.16088327778936873,1
sacred,0.07496158142749365,1
subcommittee,-0.05045819082459857,1
proportion,-0.07656525368528867,1
yawn,0.288268604007888,1
backroom,0.1611410014916009,1
pro,0.078972283446061,1
rest,0.0875188058138079,1
economic,-0.006496304652676331,2
engage,0.03630819368848659,1
jab,-0.06627622859533552,2
whom,-0.04147730224612429,1
plain,0.02181022884127817,1
remain,-0.012570814362819548,1
correspondence,-0.15135868969854638,1
solution,-0.011520755086923615,2
migrant,-0.0772449524420271,1
caravan,-0.04532190306071869,1
online,-0.12273536914922045,1
judgment,-0.15480656204077892,1
person,-0.1334944583646598,1
short,0.10153585343812074,1
Arpaio,0.12745961548036322,2
County,-0.05601520016075264,1
hall,-0.06693926960788064,1
Akin,0.06316831443440221,2
schedule,-0.03203334189279877,1
loss,0.05074604726097489,1
wife,0.13204710662238062,3
premature,0.15881750207160567,1
snicker,0.05140293437706217,1
interruption,-0.017285427328026456,1
Caller,0.07565613384699259,1
boogeyman,0.339446513250442,1
shun,0.18615600162904145,1
Mexican,0.03504408984576352,2
swift,0.09204564469661913,2
Justice,-0.027343409119883116,2
orchestrate,0.39536982326453507,1
Jersey,-0.09063944944314939,1
Port,-0.07195824628662305,1
wonderful,-0.11285800598846261,1
Rep,-0.10929349706806292,2
business,-0.03335405685626287,2
okay,0.09972585593168551,1
Darwinists,0.08002007213698233,1
insufferable,0.05238634505054764,1
label,0.03933032721874076,1
rig,0.10188036292574901,1
caught,0.06988144521422068,1
movement,-0.08553360639246117,1
demonize,0.10338317150838151,2
fix,0.051649477274691685,1
uncertainty,-0.17979427871222395,1
TrumpShutdown,0.08807802895285245,1
hear,0.06074626569731017,1
edition,-0.05843797906562025,1
test,-0.05253816700276316,1
relation,-0.19770601140665567,1
falsely,0.037040735156269336,1
terminate,-0.11585986765493889,1
One,-0.08943806959814861,1
contention,-0.24498927228279607,1
prohibit,-0.17123097422762146,1
indiscriminately,0.1307393593457036,1
metadata,-0.059613949037058626,1
mind,0.12457655321564891,1
laugh,0.10526805365267058,1
thanks,0.07923268209832321,1
NRA,0.24608335473135545,2
Mattioli,-0.15667228880375741,1
fashion,0.09627969492355319,1
confer,-0.1822782880100533,1
honor,-0.1341252588827981,1
peacemaker,0.11874406663034066,1
survive,-0.11623410783506088,1
secret,0.10839021199446414,2
unveiled,-0.11755989599464864,1
reform,-0.11182765124139364,1
everyday,-0.13164602430407613,1
pitch,0.08836588743651673,1
Huckabee,0.07880915665589498,1
reversinghis,0.19278896828173253,1
standard,-0.09403630408523589,2
computer,-0.09249269025395282,1
incident,-0.05420179422177543,2
Historian,-0.06918133886824415,1
contrive,0.2053222095089457,1
Total,0.13815549993513745,1
ethnic,0.27697237787331913,1
cleanse,0.19717008252806126,1
idea,0.12146002215136653,1
Jess,-0.06063094631220644,1
Together,-0.060441564912576996,1
staunchly,0.14599733368843143,1
advance,-0.0899367189562498,1
wipe,0.2230845478244851,1
inform,-0.08026701840845223,2
confident,-0.059921715293930526,1
Taylor,-0.0726601120057686,1
racist,0.1689224161823756,1
uncivil,0.16194458248481708,1
advise,-0.10426974372500385,1
troop,-0.09172044722216943,1
NATO,-0.07477439935568655,1
training,-0.06519368930330666,1
knuckle,0.05671589256874788,1
refusal,0.07044902931740978,1
Several,-0.14638307562493802,1
Watergate,-0.11307423109929343,1
temporarily,-0.11390661330977354,1
condemnation,0.12871485124810164,1
move,0.0060708293631077034,2
unfounded,0.04849761020363445,1
emblematic,0.03120118959900415,1
80s,0.03648890641353568,1
ensure,0.026661412408135524,1
mercurial,0.1814799809063157,1
worth,0.07907560717767327,1
Charlie,0.10195999554003762,1
architect,0.07514829486460094,1
militaristic,0.23446312742654732,1
condemn,0.06672518890206756,1
Minnesota,-0.05302850106707697,1
Minneapolis,-0.04442353419210633,1
secretive,0.14959453106551257,1
embarrassment,0.1026702515754244,1
Emmert,-0.01676564894735473,1
raise,0.021136958782996106,3
defend,-0.010741593935396213,3
era,-0.18252543527271037,1
importation,-0.12702534905222232,1
distance,-0.013202198449814474,1
Cooper,-0.0036332089191168405,1
worship,0.20724375324492497,1
type,0.0633926578281188,1
15,-0.07823317957822284,1
DOMA,0.04998568935287123,1
UPDATE,0.035368598933457084,1
mentality,0.14939025501062161,1
veto,-0.06209104055320217,3
Huffpost,0.04147216177312453,1
off,0.12142999112266989,2
Minority,-0.12966672514478145,1
baggage,0.12159937203891204,1
2017,-0.1054136634069824,1
presumptive,-0.10712509148130564,1
buyer,0.09382149054897414,1
community,-0.0900542041927688,1
remorse,0.08301055086114256,1
spat,0.12724315656122748,1
excuse,0.09355418144949737,1
2010,-0.15708189207404338,1
massive,0.0618153381933854,2
guaranteed,0.06440751742568937,1
generally,-0.16071970533276558,1
relatable,0.08334127005178067,1
district,-0.08287563186710784,1
14,0.04580176934003367,1
Nothing,-0.19514289871462623,1
2012,-0.07316533141509506,1
dazzle,0.06303898658211146,1
spectacular,0.05321768606425849,1
conspiratorial,0.3261587327440672,1
window,-0.13768490171358944,1
struck,-0.13255157150831343,1
title,-0.0844049073875602,1
camp,-0.16504587507743965,1
muddy,0.20122485621037797,1
style,0.08253591602396355,1
sense,0.07007027184341472,1
Cortez,0.022666349589619057,1
dismal,0.20379921250730437,1
reboot,0.14346943630830897,1
sad,0.1489447409160117,1
Ben,-0.06380125418733384,1
threesome,0.26611770600437784,1
thing,0.05965449619086204,1
stance,-0.014078723470835011,2
unsuccessfully,-0.06194921461525556,1
restructure,-0.039823997701440295,1
citation,-0.24339473067728287,1
vanity,0.06495194787425844,1
notorious,0.13922403935566047,1
photograph,-0.1379747797302305,1
phone,-0.07425563187510745,1
carry,-0.05834132109303554,1
stint,-0.10637475517284388,1
locate,-0.09509792292348937,1
spoken,-0.07060345104296918,1
Lecture,-0.11008213704500887,1
Sept,-0.0697821135804881,1
dean,-0.06203176165188749,1
Pentagon,0.05050643813185388,1
Agenda,0.08111238966851289,1
inflammatory,0.071598852054225,1
straight,0.07157045574170506,1
technique,0.054896256501371976,1
headquarter,-0.12417199081278875,1
pressure,0.005798080933070715,2
net,-0.0884397436702357,1
bean,0.18430467423933972,1
spill,0.1225258829213266,1
alarm,0.08281976489948337,2
unwilling,0.08694960695193987,1
suspect,-0.1391556781491809,1
populist,0.060594916694503335,1
uprise,0.03341910633666293,1
greatness,0.0332922820507715,1
arrive,-0.17592130075293466,1
lawyer,0.13002824430678825,1
dire,0.17733791542382846,1
stake,-0.15523215057570477,1
Summers,0.12971369625309656,1
contains,-0.29611161479656334,1
orientation,0.11045145545965174,1
publish,-0.05584144635595786,1
bombastic,0.4063820209684908,1
prenatal,0.08698970304889012,1
concede,-0.2559919227301047,1
NAACP,0.0978465026134383,1
built,0.1291414235770998,1
delegate,-0.07539344035760638,1
Base,-0.043245814058893835,1
clashed,-0.04161891575456395,1
profoundly,0.029650335418388702,1
inherently,0.06727166229236978,1
1965,-0.08863845492650411,1
military,-0.08628897706513335,1
illegally,0.12658564660259386,1
ditch,0.13679917112803883,1
somehow,0.11985384648923482,1
clown,0.101023661523122,1
bipartisan,-0.06906442029013796,1
unapologeticallyMe,0.07767123131921809,1
afraid,0.28986569571677123,1
What,0.17622497522502298,1
charismatic,0.13814114384861634,1
speaker,-0.1253386234472351,1
influence,-0.0325378182739981,2
shut,-0.003379044378649273,2
Broadway,-0.08221661692351849,1
portrayed,0.07228913957152766,1
Holder,0.12270959485359131,1
shouldn,0.057079048298935245,1
filibuster,-0.10038484158685954,2
Unwillingness,0.560987451714718,1
grossly,0.10257395672298257,1
Welch,-0.10249424402018326,1
lame,0.15446314336286113,1
bet,0.09698723337591554,1
badly,0.061579644765962636,1
modern,0.05873015914134441,1
overridden,0.0568345380464949,1
fling,0.09672532634202521,1
spectacle,0.06049565195716215,1
evaluate,-0.07104854291658269,1
Social,0.04807808654381011,1
Regardless,0.07683921851139809,1
astonish,0.07501123616991702,1
bashing,0.04930434319767981,1
backwards,0.4158397813530358,1
sting,0.13419479262964962,1
scar,0.1875350595252888,1
SWAT,0.0916423368538034,1
Updated,-0.09155667438804145,1
kid,0.1874071542360548,1
hijack,0.049271399355113564,1
personal,0.03278958915462644,1
obtain,-0.03825627105264194,1
Federal,-0.07319149626003055,2
paid,0.059205161767603424,1
leave,-0.08276978838467854,1
snip,0.137170695150782,1
direct,0.11082513671026391,1
pugilist,0.050643058030577524,1
2007,-0.021788584729483217,1
1996,-0.008508096829889863,1
deputy,-0.05509091285691743,1
skeptical,-0.020171089913318504,1
codify,-0.012059312881111188,1
Guantanamo,0.11495329551860166,1
hope,-0.07683294962247582,1
estimate,-0.13837829916464123,1
Security,0.030607807717628922,2
Stop,0.18989209194595053,1
laden,0.33305809059674585,1
600,0.03066275042395901,1
fence,0.029752401528472024,1
subpoenaed,-0.1689378320268019,2
answer,-0.2988318061446414,1
enrage,0.04367958542134992,1
prevent,-0.10616928809373039,1
Massachusetts,-0.1108028257044681,1
2003,-0.10846103008224658,1
clandestine,0.11313147553773721,1
angry,0.0965948928990963,1
survival,0.11571467699435699,1
potential,-0.10939191489193723,1
mission,-0.056074103495109565,1
27th,-0.13322957902876176,1
Cornyn,-0.036677208056324316,1
Defense,-0.10684442487633064,1
Garland,-0.11114734890376012,1
unauthorized,0.13957787482782852,1
compare,-0.08715082325094294,1
threw,0.06494771177126481,1
culture,0.08595072056075839,1
photographer,-0.14085181877942338,1
offends,0.06545179292485605,1
certificate,-0.18118244283916193,1
confirm,-0.12180872069600761,1
ban,0.031925711761406364,2
impose,0.04375392457893788,1
fabricate,0.1459889772256517,1
section,0.0548426121920122,1
elitist,0.15013840343292267,1
define,-0.09816489897453182,1
meet,-0.10868155036148061,1
shield,0.10037065651278311,1
terror,0.05785934887756531,1
Whitehouse,0.1289587260180249,1
gotta,0.06833568158021386,1
rightly,0.05476433272014097,1
redrawn,0.057946382292181846,1
sand,0.052285687862717374,1
capitulate,0.04935719229692274,1
press,-0.09518390086800853,1
ouster,0.04202200898800967,1
strikingly,0.04885860291939175,1
wind,0.06646461874567657,1
predict,-0.0599705038933461,1
whole,0.11446983032245364,1
modesty,0.10180522035102198,1
perceive,-0.1032237319843166,1
impartiality,-0.09434202465330048,1
Strikingly,0.15950305518515934,1
tour,0.0500788058801955,1
weaken,0.092630972339845,1
senatorial,0.30170569042506823,1
slam,0.08629937063574329,1
chat,-0.15997705329409725,1
broadly,-0.10350893034310045,1
grin,0.05782653785802701,1
frustrate,-0.0071450451186500195,1
Louis,-0.05087349453932218,1
accurate,-0.11793690919832985,1
silence,0.18001417216789736,1
telephone,-0.022143999462712057,1
seek,-0.013677513388448692,1
circulate,-0.1679686941116207,1
obscure,0.14874180742915635,1
woeful,0.03791911380749963,1
probably,-0.03202315330838009,1
conspire,0.05532446253000275,1
800,-0.038208680511958824,1
Gov,-0.12534553771699375,2
disclosure,-0.10930101035532294,1
secrecy,0.0993394886345826,1
stole,0.47003977411308573,1
Reince,-0.05625422422326494,2
LePage,0.13022313308695962,1
monger,0.0636639808156483,1
dapper,0.07854415474268052,1
wardrobe,0.0477267627723804,1
glass,0.03055438077553173,1
center,0.07487530906807731,1
antidote,0.12749801166602945,1
Shame,0.39352365365411834,1
Gregory,0.051718189042104006,1
sweep,0.12700717139671186,1
receive,-0.11721262309974377,1
headline,0.10145313689413456,1
barbed,0.2721532845163871,1
temperament,0.08634253542619956,1
Harlan,-0.0839296482469071,1
Reece,-0.07953432381880844,1
Vermont,-0.12033688583745157,1
victory,-0.16002012067095608,1
mirror,0.09816115337231224,1
churn,0.08193680929918327,1
Arizona,-0.0818883046203805,2
pop,0.10106231069090152,1
Dakota,-0.08568866914921854,1
Kansas,-0.07651464054819611,1
pursue,-0.11669259314970203,1
donate,-0.11644945916630056,1
school,0.07866046488186965,1
saturate,0.02915659196121583,1
filing,-0.16802026339159154,1
entirely,0.12841835054364611,1
Attorney,-0.12962557244799017,1
prove,0.06989906902769763,1
heartless,0.4024034209273336,1
handle,-0.13376332117401232,1
final,-0.11301633258568536,1
subtle,-0.08069056657315937,1
disgracefully,0.17159650551221511,1
Radical,0.07735697935450987,1
Supreme,0.04793682256649196,1
ambitious,0.09299174994039142,1
industry,0.06542842423448349,1
deflect,0.16722693324565926,1
level,0.14602740189563307,1
abundantly,0.03191258970618166,1
soon,-0.11460640088771785,1
erode,0.0828314306144598,1
unemployment,0.06503823561426722,1
luncheon,-0.08432651192066744,1
amendment,-0.05406849534798578,1
stability,-0.14299174745623625,1
amidst,-0.13241452413062774,1
civil,0.13985219523301154,1
simple,0.058146037234595514,2
piece,-0.060685702648588496,1
Perry,0.15480388653983526,1
cheerless,0.512547377461898,1
attendance,0.09256006526465334,1
Per,-0.05188730097554538,1
Jaffer,-0.10710851990686823,1
example,-0.09430047025287916,1
Grassley,0.055026243858025854,1
objectionable,0.07492803478030007,1
initially,-0.25950390887272623,1
overnight,0.10948790140869784,1
sneak,0.05311593412388119,1
McCarthy,0.22686903469096192,1
peel,0.11878024878769855,1
vindicate,0.10603033152472612,1
roughly,-0.09884609985715251,1
extraordinary,0.09608931308729639,1
willing,0.09574050611481051,1
notify,-0.07110063208291442,1
Rekola,-0.10960313785478602,1
graphic,0.09078939910679001,1
abusive,0.07579113365956767,1
sidestep,0.18498158545414786,1
Leader,-0.06802418384063434,1
inexcusable,0.47105467038154947,1
Sadly,0.1808400001531791,1
Many,-0.015726683353202323,1
second,-0.005507650952130272,1
Media,0.06446669500465545,1
Mainstream,0.05312599755437315,1
normalize,-0.07619675006006711,1
eliminate,0.032140916608028744,1
politick,0.03973198327483811,1
Bombastic,0.1354944939924734,1
why,-0.14416375000611947,1
recent,-0.11578450468351106,1
checker,-0.08262791791476409,1
alike,0.050514118243117086,1
Controversial,0.16981046374145478,1
tent,0.0974727200989429,1
popular,-0.08669326966382677,1
sizable,-0.043015099183952,1
strip,0.168048523945719,1
hurl,0.29943018026115753,1
dad,-0.013685496697016698,1
6,-0.04810401620165622,1
trillion,0.036982575516312004,1
investigate,-0.1499622912052474,1
sell,0.12066336395903302,1
pardon,0.12304321191267897,1
father,-0.08426316785068441,1
nonchalant,0.06290480363445065,1
humanitarian,-0.19111146059436568,1
asylum,-0.14676874940697476,1
atrocity,0.17278960136573723,1
mental,0.08693389288383195,1
must,0.06531830926316107,1
inclusion,-0.0938191772465499,1
threatens,0.08107093038214558,1
appropriate,-0.04439949195882249,1
earth,0.17785855294371367,1
alright,0.05996770670702567,1
